Model,Accuracy,AUC Score,Precision,Recall,F1-Score
XGBoost,0.859822309970385,0.9648509490243763,0.8901825211886584,0.859822309970385,0.8650866721801184
Logistic Regression,0.6831194471865746,0.7679687648433493,0.7517632605589805,0.6831194471865746,0.6977664566302687
LightGBM,0.8706811451135242,0.9522637888777004,0.8889177059717719,0.8706811451135242,0.8745658776952414
CatBoost,0.8677196446199408,0.9506345828662627,0.8906708372835993,0.8677196446199408,0.8721485966095699
